<?xml version="1.0" encoding="UTF-8"?>
<channel name="xfce4-panel" version="1.0">
  <property name="configver" type="int" value="2"/>
  <property name="panels" type="array">
    <value type="int" value="1"/>
    <property name="panel-1" type="empty">
      <property name="position" type="string" value="p=8;x=0;y=0"/>
      <property name="length" type="uint" value="100"/>
      <property name="position-locked" type="bool" value="true"/>
      <property name="icon-size" type="uint" value="24"/>
      <property name="size" type="uint" value="36"/>
      <property name="plugin-ids" type="array">
        <value type="int" value="1"/>
        <value type="int" value="2"/>
        <value type="int" value="3"/>
        <value type="int" value="4"/>
        <value type="int" value="5"/>
        <value type="int" value="6"/>
        <value type="int" value="7"/>
      </property>
    </property>
  </property>
  <property name="plugins" type="empty">
    <property name="plugin-1" type="string" value="whiskermenu">
      <property name="button-title" type="string" value="Applications"/>
      <property name="button-icon" type="string" value="org.xfce.panel.whiskermenu"/>
      <property name="show-button-title" type="bool" value="false"/>
    </property>
    <property name="plugin-2" type="string" value="separator">
      <property name="expand" type="bool" value="false"/>
      <property name="style" type="uint" value="0"/>
    </property>
    <property name="plugin-3" type="string" value="launcher">
      <property name="items" type="array">
        <value type="string" value="archi-launcher.desktop"/>
      </property>
      <property name="arrow-position" type="uint" value="0"/>
      <property name="show-label" type="bool" value="false"/>
    </property>
    <property name="plugin-4" type="string" value="separator">
      <property name="expand" type="bool" value="false"/>
      <property name="style" type="uint" value="1"/>
    </property>
    <property name="plugin-5" type="string" value="tasklist">
      <property name="show-labels" type="bool" value="true"/>
      <property name="show-handle" type="bool" value="false"/>
      <property name="grouping" type="uint" value="1"/>
      <property name="include-all-workspaces" type="bool" value="true"/>
      <property name="flat-buttons" type="bool" value="false"/>
    </property>
    <property name="plugin-6" type="string" value="systray">
      <property name="square-icons" type="bool" value="true"/>
      <property name="names-visible" type="array"/>
    </property>
    <property name="plugin-7" type="string" value="clock">
      <property name="show-frame" type="bool" value="false"/>
      <property name="digital-format" type="string" value="%H:%M"/>
      <property name="tooltip-format" type="string" value="%A, %B %d, %Y"/>
      <property name="show-seconds" type="bool" value="false"/>
      <property name="show-military" type="bool" value="true"/>
    </property>
  </property>
</channel>
